2,5757614.025262579,5757505.075356697,True,2015-12-13 19:52:10.647387
3,5793134.246073542,5792842.544934825,True,2015-12-13 19:52:57.596923
4,5760194.171725974,5759275.053943925,True,2015-12-13 19:53:35.886854
5,5715903.475146278,5712381.79771226,True,2015-12-13 19:53:58.501945
6,5626913.672974199,5613167.726803989,True,2015-12-13 19:54:22.371771
7,5488783.050514882,5435259.985386928,True,2015-12-13 19:54:47.472810
8,5167053.845627971,5001183.468643546,True,2015-12-13 19:55:15.824952
9,4502754.185529724,4121440.5305206147,True,2015-12-13 19:55:45.890799
10,3528528.9201142346,2876243.4460052717,True,2015-12-13 19:56:20.033924
11,2402246.2026917436,1595358.3405768946,True,2015-12-13 19:56:58.215595
12,1344428.1695236673,623506.333873846,True,2015-12-13 19:57:44.866474
13,649073.247359619,185570.38257247512,True,2015-12-13 19:58:22.758251
14,273797.0275195633,41303.46631298523,True,2015-12-13 19:58:53.259314
15,102462.8353373217,7020.0291556357115,True,2015-12-13 19:59:22.982003
16,39686.0453962704,1474.9867272940319,True,2015-12-13 19:59:53.054852
17,14963.891772992318,379.62063314514853,True,2015-12-13 20:00:19.282716
18,5817.215481655189,123.29248144217217,True,2015-12-13 20:00:45.044833
19,2655.4611614827154,82.06846092017759,True,2015-12-13 20:01:09.896587
20,1405.7458955010934,63.37693547901176,True,2015-12-13 20:01:34.301049
21,886.1235659502904,50.53701187299259,True,2015-12-13 20:02:04.312374
22,695.096306614712,39.82276635532662,True,2015-12-13 20:02:30.522900
23,566.2263058687394,23.97923782071541,True,2015-12-13 20:02:56.476068
24,494.59367411662697,21.84995480377046,True,2015-12-13 20:03:21.725039
25,452.8957224063016,13.720671786825562,True,2015-12-13 20:03:48.646235
26,418.5882938811093,12.720671786825505,True,2015-12-13 20:04:15.244225
27,376.50118330333055,8.813781191217004,True,2015-12-13 20:04:42.086511
28,355.2544427048374,4.906890595608502,True,2015-12-13 20:05:08.201842
29,327.6694802041164,4.906890595608502,True,2015-12-13 20:05:32.407540
30,284.15525929475825,1.584962500721133,True,2015-12-13 20:05:58.328443
31,275.05572362120733,1.584962500721133,True,2015-12-13 20:06:25.504641
32,264.47076112048626,0.0,True,2015-12-13 20:06:52.291215
33,247.37765171609476,-2.842170943040401e-14,True,2015-12-13 20:07:18.982263
34,237.83708333473209,0.0,True,2015-12-13 20:07:45.367194
35,230.66715833328973,-2.842170943040401e-14,True,2015-12-13 20:08:09.683763
36,208.66715833328973,0.0,True,2015-12-13 20:08:35.694040
37,203.0594757560685,0.0,True,2015-12-13 20:09:01.680139
38,192.242067169347,2.842170943040401e-14,True,2015-12-13 20:09:27.305951
39,175.23564090018755,-2.842170943040401e-14,True,2015-12-13 20:09:53.412039
40,161.0657158987452,0.0,True,2015-12-13 20:10:18.893514
41,154.75828737355295,0.0,True,2015-12-13 20:10:42.858863
42,139.17332487283178,0.0,True,2015-12-13 20:11:09.276031
43,137.58836237211065,0.0,True,2015-12-13 20:11:35.845656
44,133.78100745005304,0.0,True,2015-12-13 20:12:02.183649
45,125.14357752943775,0.0,True,2015-12-13 20:12:27.928477
46,122.00607400568782,0.0,True,2015-12-13 20:12:54.596615
47,120.8134289277454,-2.842170943040401e-14,True,2015-12-13 20:13:19.640032
48,115.66142583430037,1.4210854715202004e-14,True,2015-12-13 20:13:46.325569
49,111.66142583430039,2.842170943040401e-14,True,2015-12-13 20:14:12.994113
50,111.66142583430036,-1.4210854715202004e-14,True,2015-12-13 20:14:39.073669
51,104.69795171032547,-1.4210854715202004e-14,True,2015-12-13 20:15:05.107573
52,102.5724208282416,0.0,True,2015-12-13 20:15:31.591642
53,98.5724208282416,-1.4210854715202004e-14,True,2015-12-13 20:15:56.186394
54,94.19802531346014,0.0,True,2015-12-13 20:16:23.024988
55,93.02810031201781,0.0,True,2015-12-13 20:16:50.228323
56,92.02810031201781,0.0,True,2015-12-13 20:17:17.475089
57,86.90256942993395,-1.4210854715202004e-14,True,2015-12-13 20:17:44.199813
58,84.58064133504658,0.0,True,2015-12-13 20:18:10.150558
59,84.44313781129665,0.0,True,2015-12-13 20:18:36.784624
60,82.44313781129665,0.0,True,2015-12-13 20:19:04.032080
61,81.18010340546286,0.0,True,2015-12-13 20:19:31.645223
62,78.81753332607815,0.0,True,2015-12-13 20:19:59.357398
63,75.68002980232822,1.4210854715202004e-14,True,2015-12-13 20:20:27.251793
64,73.68002980232822,0.0,True,2015-12-13 20:20:54.595186
65,72.26499230304938,0.0,True,2015-12-13 20:21:19.751003
66,69.11298920960431,0.0,True,2015-12-13 20:21:48.827469
67,69.11298920960432,0.0,True,2015-12-13 20:22:17.371380
68,67.79106111471697,1.4210854715202004e-14,True,2015-12-13 20:22:45.135772
69,65.41666559993546,0.0,True,2015-12-13 20:23:12.904723
70,65.22402052199305,0.0,True,2015-12-13 20:23:39.363947
71,64.22402052199305,0.0,True,2015-12-13 20:24:04.752061
72,58.63905802127189,-7.105427357601002e-15,True,2015-12-13 20:24:31.904069
73,55.14720492494222,0.0,True,2015-12-13 20:24:59.635860
74,54.14720492494224,1.4210854715202004e-14,True,2015-12-13 20:25:27.145670
75,49.56224242422107,-7.105427357601002e-15,True,2015-12-13 20:25:54.960846
76,49.299208018387276,0.0,True,2015-12-13 20:26:22.656364
77,49.29920801838728,0.0,True,2015-12-13 20:26:49.008517
78,48.07681559705083,0.0,True,2015-12-13 20:27:18.337932
79,46.07681559705083,7.105427357601002e-15,True,2015-12-13 20:27:47.142277
80,44.88417051910843,0.0,True,2015-12-13 20:28:14.769000
81,43.691525441166036,-7.105427357601002e-15,True,2015-12-13 20:28:43.751423
82,43.10656294044488,0.0,True,2015-12-13 20:29:11.400219
83,41.78463484555753,7.105427357601002e-15,True,2015-12-13 20:29:38.445202
84,41.78463484555752,0.0,True,2015-12-13 20:30:08.164867
85,40.78463484555752,0.0,True,2015-12-13 20:30:37.545578
86,38.52160043972373,0.0,True,2015-12-13 20:31:06.767459
87,36.07681559705083,-7.105427357601002e-15,True,2015-12-13 20:31:35.895636
88,36.07681559705083,0.0,True,2015-12-13 20:32:04.900016
89,35.07681559705083,0.0,True,2015-12-13 20:32:34.283062
90,33.661778097771986,0.0,True,2015-12-13 20:33:05.222438
91,30.66177809777199,3.552713678800501e-15,True,2015-12-13 20:33:35.058168
92,30.661778097771993,3.552713678800501e-15,True,2015-12-13 20:34:05.271634
93,29.398743691938193,0.0,True,2015-12-13 20:34:34.981670
94,28.81378119121704,3.552713678800501e-15,True,2015-12-13 20:35:04.022384
95,28.81378119121704,3.552713678800501e-15,True,2015-12-13 20:35:32.116742
96,27.81378119121704,3.552713678800501e-15,True,2015-12-13 20:36:02.798203
97,26.228818690495878,-3.552713678800501e-15,True,2015-12-13 20:36:32.283751
98,26.228818690495878,-3.552713678800501e-15,True,2015-12-13 20:37:02.659378
99,25.90689059560852,0.0,True,2015-12-13 20:37:36.600155
100,25.90689059560852,0.0,True,2015-12-13 20:38:07.382018
101,25.000000000000004,3.552713678800501e-15,True,2015-12-13 20:38:35.044517
102,24.584962500721158,3.552713678800501e-15,True,2015-12-13 20:39:04.773293
103,23.584962500721154,0.0,True,2015-12-13 20:39:35.070834
104,22.584962500721158,3.552713678800501e-15,True,2015-12-13 20:40:06.162321
105,21.169925001442316,3.552713678800501e-15,True,2015-12-13 20:40:38.102830
106,21.16992500144231,-3.552713678800501e-15,True,2015-12-13 20:41:08.180248
107,21.169925001442312,0.0,True,2015-12-13 20:41:36.745950
108,20.75488750216347,0.0,True,2015-12-13 20:42:09.099552
109,20.75488750216347,0.0,True,2015-12-13 20:42:46.027449
110,20.169925001442312,0.0,True,2015-12-13 20:43:18.993965
111,19.584962500721154,0.0,True,2015-12-13 20:43:53.042608
112,18.584962500721154,0.0,True,2015-12-13 20:44:24.992878
113,18.584962500721154,0.0,True,2015-12-13 20:44:57.630534
114,18.584962500721154,0.0,True,2015-12-13 20:45:37.739517
115,18.0,0.0,True,2015-12-13 20:46:13.434947
116,17.0,0.0,True,2015-12-13 20:46:46.493100
117,14.0,0.0,True,2015-12-13 20:47:16.452281
118,13.0,0.0,True,2015-12-13 20:47:48.405132
119,12.0,0.0,True,2015-12-13 20:48:19.546381
120,12.0,0.0,True,2015-12-13 20:48:53.038309
121,12.0,0.0,True,2015-12-13 20:49:23.381429
122,9.0,0.0,True,2015-12-13 20:49:57.018552
123,8.0,0.0,True,2015-12-13 20:50:30.726851
124,8.0,0.0,True,2015-12-13 20:50:59.799147
125,8.0,0.0,True,2015-12-13 20:51:30.042425
126,7.0,0.0,True,2015-12-13 20:52:02.438881
127,7.0,0.0,True,2015-12-13 20:52:34.637006
128,7.0,0.0,True,2015-12-13 20:53:05.231356
129,7.0,0.0,True,2015-12-13 20:53:35.008076
130,7.0,0.0,True,2015-12-13 20:54:04.593200
131,7.0,0.0,True,2015-12-13 20:54:35.155577
132,7.0,0.0,True,2015-12-13 20:55:09.770810
133,7.0,0.0,True,2015-12-13 20:55:39.804149
134,7.0,0.0,True,2015-12-13 20:56:12.230894
135,6.0,0.0,True,2015-12-13 20:56:43.956842
136,6.0,0.0,True,2015-12-13 20:57:13.265532
137,6.0,0.0,True,2015-12-13 20:57:42.203818
138,6.0,0.0,True,2015-12-13 20:58:12.812978
139,6.0,0.0,True,2015-12-13 20:58:41.462770
140,6.0,0.0,True,2015-12-13 20:59:15.519974
141,6.0,0.0,True,2015-12-13 20:59:49.486601
142,6.0,0.0,True,2015-12-13 21:00:23.606877
143,6.0,0.0,True,2015-12-13 21:00:53.107681
144,6.0,0.0,True,2015-12-13 21:01:26.743383
145,6.0,0.0,True,2015-12-13 21:01:57.044551
146,6.0,0.0,True,2015-12-13 21:02:26.081830
147,6.0,0.0,True,2015-12-13 21:02:58.912623
148,6.0,0.0,True,2015-12-13 21:03:29.594810
149,6.0,0.0,True,2015-12-13 21:03:59.031473
150,5.0,0.0,True,2015-12-13 21:04:34.603910
151,5.0,0.0,True,2015-12-13 21:05:12.059904
152,5.0,0.0,True,2015-12-13 21:05:43.758569
153,4.0,0.0,True,2015-12-13 21:06:12.801904
154,4.0,0.0,True,2015-12-13 21:06:43.140860
155,4.0,0.0,True,2015-12-13 21:07:12.870433
156,4.0,0.0,True,2015-12-13 21:07:44.890525
157,4.0,0.0,True,2015-12-13 21:08:15.511713
158,4.0,0.0,True,2015-12-13 21:08:51.151850
159,4.0,0.0,True,2015-12-13 21:09:24.911701
160,4.0,0.0,True,2015-12-13 21:09:58.056871
161,4.0,0.0,True,2015-12-13 21:10:31.753483
162,4.0,0.0,True,2015-12-13 21:11:07.723095
163,4.0,0.0,True,2015-12-13 21:11:39.628412
164,4.0,0.0,True,2015-12-13 21:12:12.329371
165,4.0,0.0,True,2015-12-13 21:12:42.128645
166,4.0,0.0,True,2015-12-13 21:13:12.901103
167,4.0,0.0,True,2015-12-13 21:13:42.317694
168,4.0,0.0,True,2015-12-13 21:14:14.017137
169,4.0,0.0,True,2015-12-13 21:14:45.473157
170,4.0,0.0,True,2015-12-13 21:15:16.739278
171,4.0,0.0,True,2015-12-13 21:15:47.904219
172,4.0,0.0,True,2015-12-13 21:16:18.417605
173,4.0,0.0,True,2015-12-13 21:16:47.447496
174,4.0,0.0,True,2015-12-13 21:17:18.867461
175,4.0,0.0,True,2015-12-13 21:17:50.415445
176,4.0,0.0,True,2015-12-13 21:18:21.729399
177,4.0,0.0,True,2015-12-13 21:18:56.633097
178,4.0,0.0,True,2015-12-13 21:19:27.505462
179,4.0,0.0,True,2015-12-13 21:19:56.793387
180,4.0,0.0,True,2015-12-13 21:20:28.104620
181,4.0,0.0,True,2015-12-13 21:20:59.119187
182,4.0,0.0,True,2015-12-13 21:21:30.328076
183,4.0,0.0,True,2015-12-13 21:22:07.002396
184,4.0,0.0,True,2015-12-13 21:22:38.711914
185,4.0,0.0,True,2015-12-13 21:23:08.085631
186,4.0,0.0,True,2015-12-13 21:23:39.337303
187,4.0,0.0,True,2015-12-13 21:24:10.524228
188,4.0,0.0,True,2015-12-13 21:24:41.905490
189,4.0,0.0,True,2015-12-13 21:25:13.787778
190,4.0,0.0,True,2015-12-13 21:25:44.552565
191,4.0,0.0,True,2015-12-13 21:26:14.078244
192,4.0,0.0,True,2015-12-13 21:26:45.918191
193,4.0,0.0,True,2015-12-13 21:27:18.005407
194,4.0,0.0,True,2015-12-13 21:27:49.626926
195,4.0,0.0,True,2015-12-13 21:28:21.442430
196,4.0,0.0,True,2015-12-13 21:28:52.138897
197,4.0,0.0,True,2015-12-13 21:29:21.807490
198,4.0,0.0,True,2015-12-13 21:29:53.354670
199,4.0,0.0,True,2015-12-13 21:30:25.422198
200,4.0,0.0,True,2015-12-13 21:30:56.915072
201,4.0,0.0,True,2015-12-13 21:31:28.538899
202,4.0,0.0,True,2015-12-13 21:32:00.968858
203,4.0,0.0,True,2015-12-13 21:32:30.812753
204,4.0,0.0,True,2015-12-13 21:33:02.746120
205,4.0,0.0,True,2015-12-13 21:33:34.450602
206,4.0,0.0,True,2015-12-13 21:34:05.922014
207,4.0,0.0,True,2015-12-13 21:34:37.417531
208,4.0,0.0,True,2015-12-13 21:35:13.043429
209,4.0,0.0,True,2015-12-13 21:35:42.993482
210,4.0,0.0,True,2015-12-13 21:36:14.789523
211,4.0,0.0,True,2015-12-13 21:36:47.051054
212,4.0,0.0,True,2015-12-13 21:37:18.890397
213,4.0,0.0,True,2015-12-13 21:37:50.986325
214,4.0,0.0,True,2015-12-13 21:38:22.159306
215,4.0,0.0,True,2015-12-13 21:38:51.568522
216,4.0,0.0,True,2015-12-13 21:39:23.222020
217,4.0,0.0,True,2015-12-13 21:39:55.183784
218,4.0,0.0,True,2015-12-13 21:40:27.283811
219,4.0,0.0,True,2015-12-13 21:40:59.050161
220,4.0,0.0,True,2015-12-13 21:41:30.468781
221,4.0,0.0,True,2015-12-13 21:41:59.626003
222,4.0,0.0,True,2015-12-13 21:42:31.448665
223,4.0,0.0,True,2015-12-13 21:43:02.984962
224,4.0,0.0,True,2015-12-13 21:43:34.896352
225,4.0,0.0,True,2015-12-13 21:44:07.043068
226,4.0,0.0,True,2015-12-13 21:44:37.610423
227,4.0,0.0,True,2015-12-13 21:45:07.126360
228,4.0,0.0,True,2015-12-13 21:45:38.547868
229,4.0,0.0,True,2015-12-13 21:46:10.375428
230,4.0,0.0,True,2015-12-13 21:46:42.037403
231,4.0,0.0,True,2015-12-13 21:47:13.784180
232,4.0,0.0,True,2015-12-13 21:47:45.288736
233,4.0,0.0,True,2015-12-13 21:48:15.296502
234,4.0,0.0,True,2015-12-13 21:48:47.634790
235,4.0,0.0,True,2015-12-13 21:49:19.523675
236,4.0,0.0,True,2015-12-13 21:49:51.314276
237,4.0,0.0,True,2015-12-13 21:50:23.178425
238,4.0,0.0,True,2015-12-13 21:50:54.351033
239,4.0,0.0,True,2015-12-13 21:51:24.728583
240,4.0,0.0,True,2015-12-13 21:51:57.024553
241,4.0,0.0,True,2015-12-13 21:52:29.139883
242,4.0,0.0,True,2015-12-13 21:53:00.859646
243,4.0,0.0,True,2015-12-13 21:53:32.731776
244,4.0,0.0,True,2015-12-13 21:54:04.201862
245,4.0,0.0,True,2015-12-13 21:54:34.524148
246,4.0,0.0,True,2015-12-13 21:55:06.840392
247,4.0,0.0,True,2015-12-13 21:55:39.396369
248,4.0,0.0,True,2015-12-13 21:56:11.275744
249,4.0,0.0,True,2015-12-13 21:56:43.351440
250,4.0,0.0,True,2015-12-13 21:57:14.262665
251,4.0,0.0,True,2015-12-13 21:57:44.150926
252,4.0,0.0,True,2015-12-13 21:58:19.383619
253,4.0,0.0,True,2015-12-13 21:58:52.566839
254,4.0,0.0,True,2015-12-13 21:59:26.060941
255,3.0,0.0,True,2015-12-13 21:59:59.133855
256,3.0,0.0,True,2015-12-13 22:00:31.057712
257,3.0,0.0,True,2015-12-13 22:01:01.944006
258,3.0,0.0,True,2015-12-13 22:01:34.918965
259,3.0,0.0,True,2015-12-13 22:02:12.777714
260,3.0,0.0,True,2015-12-13 22:02:46.108685
261,3.0,0.0,True,2015-12-13 22:03:19.510621
262,3.0,0.0,True,2015-12-13 22:03:51.085133
263,3.0,0.0,True,2015-12-13 22:04:21.965427
264,3.0,0.0,True,2015-12-13 22:04:54.720122
265,3.0,0.0,True,2015-12-13 22:05:27.906231
266,3.0,0.0,True,2015-12-13 22:06:00.739640
267,3.0,0.0,True,2015-12-13 22:06:33.116773
268,3.0,0.0,True,2015-12-13 22:07:06.078376
269,3.0,0.0,True,2015-12-13 22:07:38.424974
270,3.0,0.0,True,2015-12-13 22:08:13.017556
271,3.0,0.0,True,2015-12-13 22:08:47.806922
272,2.0,0.0,True,2015-12-13 22:09:22.191566
273,2.0,0.0,True,2015-12-13 22:09:56.601016
274,2.0,0.0,True,2015-12-13 22:10:30.264564
275,2.0,0.0,True,2015-12-13 22:11:07.184875
276,2.0,0.0,True,2015-12-13 22:11:57.077781
277,2.0,0.0,True,2015-12-13 22:12:35.821489
278,2.0,0.0,True,2015-12-13 22:13:10.431252
279,2.0,0.0,True,2015-12-13 22:13:45.718223
280,2.0,0.0,True,2015-12-13 22:14:18.811379
281,2.0,0.0,True,2015-12-13 22:14:51.195216
282,2.0,0.0,True,2015-12-13 22:15:25.324541
283,2.0,0.0,True,2015-12-13 22:16:00.052203
284,2.0,0.0,True,2015-12-13 22:16:34.674368
285,2.0,0.0,True,2015-12-13 22:17:08.738716
286,2.0,0.0,True,2015-12-13 22:17:42.160691
287,2.0,0.0,True,2015-12-13 22:18:14.615609
288,2.0,0.0,True,2015-12-13 22:18:49.254689
289,2.0,0.0,True,2015-12-13 22:19:25.291950
290,2.0,0.0,True,2015-12-13 22:19:59.741503
291,2.0,0.0,True,2015-12-13 22:20:34.180524
292,2.0,0.0,True,2015-12-13 22:21:11.731366
293,2.0,0.0,True,2015-12-13 22:21:47.190931
294,2.0,0.0,True,2015-12-13 22:22:22.409271
295,2.0,0.0,True,2015-12-13 22:22:56.967297
296,2.0,0.0,True,2015-12-13 22:23:31.542439
297,2.0,0.0,True,2015-12-13 22:24:05.909535
298,2.0,0.0,True,2015-12-13 22:24:39.266261
299,2.0,0.0,True,2015-12-13 22:25:11.530114
300,2.0,0.0,True,2015-12-13 22:25:46.473736
301,2.0,0.0,True,2015-12-13 22:26:21.873557
302,2.0,0.0,True,2015-12-13 22:26:56.882114
303,2.0,0.0,True,2015-12-13 22:27:32.186112
304,2.0,0.0,True,2015-12-13 22:28:07.412604
305,2.0,0.0,True,2015-12-13 22:28:41.051462
306,2.0,0.0,True,2015-12-13 22:29:16.172069
307,2.0,0.0,True,2015-12-13 22:29:51.320456
308,2.0,0.0,True,2015-12-13 22:30:26.226898
309,2.0,0.0,True,2015-12-13 22:31:01.320130
310,2.0,0.0,True,2015-12-13 22:31:35.461578
311,2.0,0.0,True,2015-12-13 22:32:09.172388
312,2.0,0.0,True,2015-12-13 22:32:44.807684
313,2.0,0.0,True,2015-12-13 22:33:19.722951
314,2.0,0.0,True,2015-12-13 22:33:57.706485
315,2.0,0.0,True,2015-12-13 22:34:36.834042
316,2.0,0.0,True,2015-12-13 22:35:43.778399
317,2.0,0.0,True,2015-12-13 22:36:54.214409
318,2.0,0.0,True,2015-12-13 22:37:51.452234
319,2.0,0.0,True,2015-12-13 22:38:36.332918
320,2.0,0.0,True,2015-12-13 22:39:23.261524
321,2.0,0.0,True,2015-12-13 22:40:12.081686
322,2.0,0.0,True,2015-12-13 22:41:05.570084
323,2.0,0.0,True,2015-12-13 22:42:09.021331
324,2.0,0.0,True,2015-12-13 22:42:58.833359
325,2.0,0.0,True,2015-12-13 22:43:43.367633
326,2.0,0.0,True,2015-12-13 22:44:32.018243
327,2.0,0.0,True,2015-12-13 22:45:09.557895
328,2.0,0.0,True,2015-12-13 22:45:50.678067
329,2.0,0.0,True,2015-12-13 22:46:31.660618
330,2.0,0.0,True,2015-12-13 22:47:20.887652
331,2.0,0.0,True,2015-12-13 22:48:11.966667
332,2.0,0.0,True,2015-12-13 22:49:08.241525
333,2.0,0.0,True,2015-12-13 22:49:54.985600
334,2.0,0.0,True,2015-12-13 22:50:48.870102
335,2.0,0.0,True,2015-12-13 22:51:47.440018
336,2.0,0.0,True,2015-12-13 22:52:50.789168
337,2.0,0.0,True,2015-12-13 22:53:42.837781
338,2.0,0.0,True,2015-12-13 22:54:33.712064
339,2.0,0.0,True,2015-12-13 22:55:20.155245
340,2.0,0.0,True,2015-12-13 22:56:07.765796
341,2.0,0.0,True,2015-12-13 22:56:49.464852
342,2.0,0.0,True,2015-12-13 22:57:40.589584
343,2.0,0.0,True,2015-12-13 22:58:31.397474
344,2.0,0.0,True,2015-12-13 22:59:29.153671
345,2.0,0.0,True,2015-12-13 23:00:20.368018
346,2.0,0.0,True,2015-12-13 23:01:08.721726
347,2.0,0.0,True,2015-12-13 23:01:49.413046
348,2.0,0.0,True,2015-12-13 23:02:28.078094
349,2.0,0.0,True,2015-12-13 23:03:09.089193
350,2.0,0.0,True,2015-12-13 23:03:54.756120
351,2.0,0.0,True,2015-12-13 23:04:45.741080
352,2.0,0.0,True,2015-12-13 23:05:34.993783
353,2.0,0.0,True,2015-12-13 23:06:26.154686
354,2.0,0.0,True,2015-12-13 23:07:21.538183
355,2.0,0.0,True,2015-12-13 23:08:10.194533
356,2.0,0.0,True,2015-12-13 23:09:12.238004
357,1.0,0.0,False,2015-12-13 23:10:13.099560
358,1.0,0.0,False,2015-12-13 23:11:10.224286
359,1.0,0.0,False,2015-12-13 23:12:06.977009
360,1.0,0.0,False,2015-12-13 23:13:02.120482
361,1.0,0.0,False,2015-12-13 23:13:56.443495
362,1.0,0.0,False,2015-12-13 23:14:56.646436
363,1.0,0.0,False,2015-12-13 23:15:53.720101
364,1.0,0.0,False,2015-12-13 23:16:50.890517
365,1.0,0.0,False,2015-12-13 23:17:47.231251
366,1.0,0.0,False,2015-12-13 23:18:51.584784
367,1.0,0.0,False,2015-12-13 23:20:01.295773
368,1.0,0.0,False,2015-12-13 23:21:12.141680
369,1.0,0.0,False,2015-12-13 23:22:20.131498
370,1.0,0.0,False,2015-12-13 23:23:19.385091
371,1.0,0.0,False,2015-12-13 23:24:23.455491
372,1.0,0.0,False,2015-12-13 23:25:36.970201
373,1.0,0.0,False,2015-12-13 23:26:43.049746
374,1.0,0.0,False,2015-12-13 23:27:54.319036
375,1.0,0.0,False,2015-12-13 23:28:54.388877
376,1.0,0.0,False,2015-12-13 23:29:58.511158
377,1.0,0.0,False,2015-12-13 23:30:57.663734
378,1.0,0.0,False,2015-12-13 23:32:01.441693
379,1.0,0.0,False,2015-12-13 23:33:01.445112
380,1.0,0.0,False,2015-12-13 23:34:08.512581
381,1.0,0.0,False,2015-12-13 23:35:19.725480
382,1.0,0.0,False,2015-12-13 23:36:17.395771
383,1.0,0.0,False,2015-12-13 23:37:07.110688
384,1.0,0.0,False,2015-12-13 23:38:22.349415
385,1.0,0.0,False,2015-12-13 23:39:30.192480
386,1.0,0.0,False,2015-12-13 23:40:32.766414
387,1.0,0.0,False,2015-12-13 23:41:38.295228
388,1.0,0.0,False,2015-12-13 23:42:43.104272
389,1.0,0.0,False,2015-12-13 23:43:41.480182
390,1.0,0.0,False,2015-12-13 23:44:40.449226
391,1.0,0.0,False,2015-12-13 23:45:42.619300
392,1.0,0.0,False,2015-12-13 23:46:50.962789
393,1.0,0.0,False,2015-12-13 23:48:00.474452
394,1.0,0.0,False,2015-12-13 23:49:08.865861
395,1.0,0.0,False,2015-12-13 23:50:11.450719
396,1.0,0.0,False,2015-12-13 23:51:13.380451
397,1.0,0.0,False,2015-12-13 23:52:21.792169
398,1.0,0.0,False,2015-12-13 23:53:27.878609
399,1.0,0.0,False,2015-12-13 23:54:39.699466
400,1.0,0.0,False,2015-12-13 23:55:39.740519
401,1.0,0.0,False,2015-12-13 23:56:59.843704
402,1.0,0.0,False,2015-12-13 23:58:08.288439
403,1.0,0.0,False,2015-12-13 23:59:20.889020
404,1.0,0.0,False,2015-12-14 00:00:24.199954
405,1.0,0.0,False,2015-12-14 00:01:32.119001
406,1.0,0.0,False,2015-12-14 00:02:42.584134
407,1.0,0.0,False,2015-12-14 00:03:45.643139
408,1.0,0.0,False,2015-12-14 00:04:48.789566
409,1.0,0.0,False,2015-12-14 00:05:55.401094
410,1.0,0.0,False,2015-12-14 00:06:53.853452
411,1.0,0.0,False,2015-12-14 00:07:57.450210
412,1.0,0.0,False,2015-12-14 00:08:52.513661
413,1.0,0.0,False,2015-12-14 00:09:54.628366
414,1.0,0.0,False,2015-12-14 00:10:54.749101
415,1.0,0.0,False,2015-12-14 00:12:06.192809
416,1.0,0.0,False,2015-12-14 00:13:06.724295
417,1.0,0.0,False,2015-12-14 00:14:09.436745
418,1.0,0.0,False,2015-12-14 00:15:12.044597
419,1.0,0.0,False,2015-12-14 00:16:23.549023
420,1.0,0.0,False,2015-12-14 00:17:21.257417
421,1.0,0.0,False,2015-12-14 00:18:24.122847
422,1.0,0.0,False,2015-12-14 00:19:34.210561
423,1.0,0.0,False,2015-12-14 00:20:41.326963
424,1.0,0.0,False,2015-12-14 00:21:42.115905
425,1.0,0.0,False,2015-12-14 00:22:44.044852
426,1.0,0.0,False,2015-12-14 00:23:41.240059
427,1.0,0.0,False,2015-12-14 00:24:47.521676
428,1.0,0.0,False,2015-12-14 00:25:58.906650
429,1.0,0.0,False,2015-12-14 00:27:00.495695
430,1.0,0.0,False,2015-12-14 00:28:11.019008
431,1.0,0.0,False,2015-12-14 00:29:09.151523
432,1.0,0.0,False,2015-12-14 00:30:02.054454
433,1.0,0.0,False,2015-12-14 00:31:00.346111
434,1.0,0.0,False,2015-12-14 00:32:11.375961
435,1.0,0.0,False,2015-12-14 00:33:11.559755
436,1.0,0.0,False,2015-12-14 00:34:23.114018
437,1.0,0.0,False,2015-12-14 00:35:21.831522
438,1.0,0.0,False,2015-12-14 00:36:14.458684
439,1.0,0.0,False,2015-12-14 00:37:17.149017
440,1.0,0.0,False,2015-12-14 00:38:13.138903
441,1.0,0.0,False,2015-12-14 00:39:05.898167
442,1.0,0.0,False,2015-12-14 00:40:05.832350
443,1.0,0.0,False,2015-12-14 00:41:12.183716
444,1.0,0.0,False,2015-12-14 00:42:18.000041
445,1.0,0.0,False,2015-12-14 00:43:18.138912
446,1.0,0.0,False,2015-12-14 00:44:24.088249
447,1.0,0.0,False,2015-12-14 00:45:28.503982
448,1.0,0.0,False,2015-12-14 00:46:28.611722
449,1.0,0.0,False,2015-12-14 00:47:22.840895
450,1.0,0.0,False,2015-12-14 00:48:21.398476
451,1.0,0.0,False,2015-12-14 00:49:25.425128
452,1.0,0.0,False,2015-12-14 00:50:31.621750
453,1.0,0.0,False,2015-12-14 00:51:30.784576
454,1.0,0.0,False,2015-12-14 00:52:26.636463
455,1.0,0.0,False,2015-12-14 00:53:20.095915
456,1.0,0.0,False,2015-12-14 00:54:13.945479
457,1.0,0.0,False,2015-12-14 00:55:03.319499
458,1.0,0.0,False,2015-12-14 00:56:02.416725
459,1.0,0.0,False,2015-12-14 00:57:05.117153
460,1.0,0.0,False,2015-12-14 00:58:00.420879
461,1.0,0.0,False,2015-12-14 00:58:50.250279
462,1.0,0.0,False,2015-12-14 00:59:39.373638
463,1.0,0.0,False,2015-12-14 01:00:29.090219
464,1.0,0.0,False,2015-12-14 01:01:16.740411
465,1.0,0.0,False,2015-12-14 01:02:06.924800
466,1.0,0.0,False,2015-12-14 01:02:58.408954
467,1.0,0.0,False,2015-12-14 01:03:48.175786
468,1.0,0.0,False,2015-12-14 01:04:40.513810
469,1.0,0.0,False,2015-12-14 01:05:33.311498
470,1.0,0.0,False,2015-12-14 01:06:23.529927
471,1.0,0.0,False,2015-12-14 01:07:12.709066
472,1.0,0.0,False,2015-12-14 01:08:09.708719
473,1.0,0.0,False,2015-12-14 01:09:04.907205
474,1.0,0.0,False,2015-12-14 01:10:02.318450
475,1.0,0.0,False,2015-12-14 01:10:57.096683
476,1.0,0.0,False,2015-12-14 01:11:50.331396
477,1.0,0.0,False,2015-12-14 01:12:44.048439
478,1.0,0.0,False,2015-12-14 01:13:41.565292
479,1.0,0.0,False,2015-12-14 01:14:34.852781
480,1.0,0.0,False,2015-12-14 01:15:24.842502
481,1.0,0.0,False,2015-12-14 01:16:15.756158
482,1.0,0.0,False,2015-12-14 01:17:06.569309
483,1.0,0.0,False,2015-12-14 01:17:57.174302
484,1.0,0.0,False,2015-12-14 01:18:50.752015
485,1.0,0.0,False,2015-12-14 01:19:44.819474
486,1.0,0.0,False,2015-12-14 01:20:39.390839
487,1.0,0.0,False,2015-12-14 01:21:32.755825
488,1.0,0.0,False,2015-12-14 01:22:26.782691
489,1.0,0.0,False,2015-12-14 01:23:16.059522
490,1.0,0.0,False,2015-12-14 01:24:07.939333
491,1.0,0.0,False,2015-12-14 01:25:01.350024
492,1.0,0.0,False,2015-12-14 01:25:54.795811
493,1.0,0.0,False,2015-12-14 01:26:44.803559
494,1.0,0.0,False,2015-12-14 01:27:36.498859
495,1.0,0.0,False,2015-12-14 01:28:26.620872
496,1.0,0.0,False,2015-12-14 01:29:25.730510
497,1.0,0.0,False,2015-12-14 01:30:18.946803
498,1.0,0.0,False,2015-12-14 01:31:10.655175
499,1.0,0.0,False,2015-12-14 01:32:01.146354
500,1.0,0.0,False,2015-12-14 01:32:54.313703
501,1.0,0.0,False,2015-12-14 01:33:48.687294
502,1.0,0.0,False,2015-12-14 01:34:45.364284
503,1.0,0.0,False,2015-12-14 01:35:40.811749
504,1.0,0.0,False,2015-12-14 01:36:38.110525
505,1.0,0.0,False,2015-12-14 01:37:28.625529
506,1.0,0.0,False,2015-12-14 01:38:25.953972
507,1.0,0.0,False,2015-12-14 01:39:18.512768
508,1.0,0.0,False,2015-12-14 01:40:11.424700
509,1.0,0.0,False,2015-12-14 01:41:01.044370
510,1.0,0.0,False,2015-12-14 01:42:00.011788
511,1.0,0.0,False,2015-12-14 01:42:56.033483
512,1.0,0.0,False,2015-12-14 01:43:47.104163
513,1.0,0.0,False,2015-12-14 01:44:44.580375
514,1.0,0.0,False,2015-12-14 01:45:38.558097
515,1.0,0.0,False,2015-12-14 01:46:36.858792
516,1.0,0.0,False,2015-12-14 01:47:31.403719
517,1.0,0.0,False,2015-12-14 01:48:23.591530
518,1.0,0.0,False,2015-12-14 01:49:17.737428
519,1.0,0.0,False,2015-12-14 01:50:16.868269
520,1.0,0.0,False,2015-12-14 01:51:15.477309
521,1.0,0.0,False,2015-12-14 01:52:08.709483
522,1.0,0.0,False,2015-12-14 01:53:06.974259
523,1.0,0.0,False,2015-12-14 01:54:04.370753
524,1.0,0.0,False,2015-12-14 01:55:00.879252
525,1.0,0.0,False,2015-12-14 01:55:58.129094
526,1.0,0.0,False,2015-12-14 01:56:57.507891
527,1.0,0.0,False,2015-12-14 01:57:52.763888
528,1.0,0.0,False,2015-12-14 01:58:43.898905
529,1.0,0.0,False,2015-12-14 01:59:42.438212
530,1.0,0.0,False,2015-12-14 02:00:44.169071
531,1.0,0.0,False,2015-12-14 02:01:38.667448
532,1.0,0.0,False,2015-12-14 02:02:29.645202
533,1.0,0.0,False,2015-12-14 02:03:22.490920
534,1.0,0.0,False,2015-12-14 02:04:28.157217
535,1.0,0.0,False,2015-12-14 02:05:36.794053
536,1.0,0.0,False,2015-12-14 02:06:30.128815
537,1.0,0.0,False,2015-12-14 02:07:23.368315
538,1.0,0.0,False,2015-12-14 02:08:19.573617
539,1.0,0.0,False,2015-12-14 02:09:28.622046
540,1.0,0.0,False,2015-12-14 02:10:29.995123
541,1.0,0.0,False,2015-12-14 02:11:28.277244
542,1.0,0.0,False,2015-12-14 02:12:31.528756
543,1.0,0.0,False,2015-12-14 02:13:28.024320
544,1.0,0.0,False,2015-12-14 02:14:39.026768
545,1.0,0.0,False,2015-12-14 02:15:38.759659
546,1.0,0.0,False,2015-12-14 02:16:35.479341
547,1.0,0.0,False,2015-12-14 02:17:30.770117
548,1.0,0.0,False,2015-12-14 02:18:33.448140
549,1.0,0.0,False,2015-12-14 02:19:35.984386
550,1.0,0.0,False,2015-12-14 02:20:30.796815
551,1.0,0.0,False,2015-12-14 02:21:26.575357
552,1.0,0.0,False,2015-12-14 02:22:23.690503
553,1.0,0.0,False,2015-12-14 02:23:26.383366
554,1.0,0.0,False,2015-12-14 02:24:24.403390
555,1.0,0.0,False,2015-12-14 02:25:23.642930
556,1.0,0.0,False,2015-12-14 02:26:24.430613
557,1.0,0.0,False,2015-12-14 02:27:29.358867
558,1.0,0.0,False,2015-12-14 02:28:29.218717
559,1.0,0.0,False,2015-12-14 02:29:28.899156
560,1.0,0.0,False,2015-12-14 02:30:21.193020
561,1.0,0.0,False,2015-12-14 02:31:13.357241
562,1.0,0.0,False,2015-12-14 02:32:02.668133
563,1.0,0.0,False,2015-12-14 02:32:50.201365
564,1.0,0.0,False,2015-12-14 02:33:39.506516
565,1.0,0.0,False,2015-12-14 02:34:28.038125
566,1.0,0.0,False,2015-12-14 02:35:15.829943
567,1.0,0.0,False,2015-12-14 02:36:06.806666
568,1.0,0.0,False,2015-12-14 02:37:17.882339
569,1.0,0.0,False,2015-12-14 02:38:09.408925
570,1.0,0.0,False,2015-12-14 02:39:13.991708
571,1.0,0.0,False,2015-12-14 02:40:10.781112
572,1.0,0.0,False,2015-12-14 02:41:03.814094
573,1.0,0.0,False,2015-12-14 02:41:55.636887
574,1.0,0.0,False,2015-12-14 02:42:49.382079
575,1.0,0.0,False,2015-12-14 02:43:42.766846
576,1.0,0.0,False,2015-12-14 02:44:38.812593
577,1.0,0.0,False,2015-12-14 02:45:29.245673
578,1.0,0.0,False,2015-12-14 02:46:17.928895
579,1.0,0.0,False,2015-12-14 02:47:12.600724
580,1.0,0.0,False,2015-12-14 02:48:09.863903
581,1.0,0.0,False,2015-12-14 02:49:02.033055
582,1.0,0.0,False,2015-12-14 02:49:52.587965
583,1.0,0.0,False,2015-12-14 02:50:44.388265
584,1.0,0.0,False,2015-12-14 02:51:36.872375
585,1.0,0.0,False,2015-12-14 02:52:31.716855
586,1.0,0.0,False,2015-12-14 02:53:25.975147
587,1.0,0.0,False,2015-12-14 02:54:20.604841
588,1.0,0.0,False,2015-12-14 02:55:12.332663
589,1.0,0.0,False,2015-12-14 02:56:03.980556
590,1.0,0.0,False,2015-12-14 02:57:02.940977
591,1.0,0.0,False,2015-12-14 02:57:56.461383
592,1.0,0.0,False,2015-12-14 02:58:56.017197
593,1.0,0.0,False,2015-12-14 02:59:56.855058
594,1.0,0.0,False,2015-12-14 03:00:48.460091
595,1.0,0.0,False,2015-12-14 03:01:40.720136
596,1.0,0.0,False,2015-12-14 03:02:40.407693
597,1.0,0.0,False,2015-12-14 03:03:30.240224
598,1.0,0.0,False,2015-12-14 03:04:29.321631
599,1.0,0.0,False,2015-12-14 03:05:24.499918
600,1.0,0.0,False,2015-12-14 03:06:18.140692
601,1.0,0.0,False,2015-12-14 03:07:16.861436
602,1.0,0.0,False,2015-12-14 03:08:12.281973
603,1.0,0.0,False,2015-12-14 03:09:13.708604
604,1.0,0.0,False,2015-12-14 03:10:06.501956
605,1.0,0.0,False,2015-12-14 03:11:00.771129
606,1.0,0.0,False,2015-12-14 03:12:06.958402
607,1.0,0.0,False,2015-12-14 03:13:03.660621
608,1.0,0.0,False,2015-12-14 03:13:58.654126
609,1.0,0.0,False,2015-12-14 03:15:00.723099
610,1.0,0.0,False,2015-12-14 03:16:03.659599
611,1.0,0.0,False,2015-12-14 03:17:08.675689
612,1.0,0.0,False,2015-12-14 03:18:10.452689
613,1.0,0.0,False,2015-12-14 03:19:13.681964
614,1.0,0.0,False,2015-12-14 03:20:15.591828
615,1.0,0.0,False,2015-12-14 03:21:49.373171
616,1.0,0.0,False,2015-12-14 03:23:33.891445
617,1.0,0.0,False,2015-12-14 03:25:08.800745
618,1.0,0.0,False,2015-12-14 03:26:16.682790
619,1.0,0.0,False,2015-12-14 03:27:16.169447
620,1.0,0.0,False,2015-12-14 03:28:15.219475
621,1.0,0.0,False,2015-12-14 03:29:18.092516
622,1.0,0.0,False,2015-12-14 03:30:20.202358
623,1.0,0.0,False,2015-12-14 03:31:14.479657
624,1.0,0.0,False,2015-12-14 03:32:12.572442
625,1.0,0.0,False,2015-12-14 03:33:50.393452
626,1.0,0.0,False,2015-12-14 03:35:13.417116
627,1.0,0.0,False,2015-12-14 03:36:48.298370
628,1.0,0.0,False,2015-12-14 03:38:10.342251
629,1.0,0.0,False,2015-12-14 03:39:25.677396
630,1.0,0.0,False,2015-12-14 03:40:32.148439
631,1.0,0.0,False,2015-12-14 03:42:08.003969
632,1.0,0.0,False,2015-12-14 03:43:35.464414
633,1.0,0.0,False,2015-12-14 03:45:17.232892
634,1.0,0.0,False,2015-12-14 03:46:47.571495
635,1.0,0.0,False,2015-12-14 03:48:14.703619
636,1.0,0.0,False,2015-12-14 03:49:42.018386
637,1.0,0.0,False,2015-12-14 03:51:21.025337
638,1.0,0.0,False,2015-12-14 03:52:33.931580
639,1.0,0.0,False,2015-12-14 03:53:52.939979
640,1.0,0.0,False,2015-12-14 03:55:13.316900
641,1.0,0.0,False,2015-12-14 03:56:46.135673
642,1.0,0.0,False,2015-12-14 03:58:09.895794
643,1.0,0.0,False,2015-12-14 03:59:18.024836
644,1.0,0.0,False,2015-12-14 04:00:36.296438
645,1.0,0.0,False,2015-12-14 04:01:41.679104
646,1.0,0.0,False,2015-12-14 04:03:04.174850
647,1.0,0.0,False,2015-12-14 04:04:08.096446
648,1.0,0.0,False,2015-12-14 04:05:28.840423
649,1.0,0.0,False,2015-12-14 04:06:56.958006
650,1.0,0.0,False,2015-12-14 04:08:14.634286
651,1.0,0.0,False,2015-12-14 04:09:26.194951
652,1.0,0.0,False,2015-12-14 04:10:47.212641
653,1.0,0.0,False,2015-12-14 04:12:08.443021
654,1.0,0.0,False,2015-12-14 04:13:30.348482
655,1.0,0.0,False,2015-12-14 04:14:32.824245
656,1.0,0.0,False,2015-12-14 04:15:43.262643
657,1.0,0.0,False,2015-12-14 04:17:07.589993
658,1.0,0.0,False,2015-12-14 04:18:38.348244
659,1.0,0.0,False,2015-12-14 04:20:00.295498
660,1.0,0.0,False,2015-12-14 04:21:20.419318
661,1.0,0.0,False,2015-12-14 04:22:41.765954
662,1.0,0.0,False,2015-12-14 04:24:06.680995
663,1.0,0.0,False,2015-12-14 04:25:37.792502
664,1.0,0.0,False,2015-12-14 04:26:46.843527
665,1.0,0.0,False,2015-12-14 04:27:44.452413
666,1.0,0.0,False,2015-12-14 04:28:57.840452
667,1.0,0.0,False,2015-12-14 04:30:20.110986
668,1.0,0.0,False,2015-12-14 04:31:29.975004
669,1.0,0.0,False,2015-12-14 04:32:36.947266
670,1.0,0.0,False,2015-12-14 04:33:58.184212
671,1.0,0.0,False,2015-12-14 04:35:23.123800
672,1.0,0.0,False,2015-12-14 04:36:41.016466
673,1.0,0.0,False,2015-12-14 04:38:04.545210
674,1.0,0.0,False,2015-12-14 04:39:25.622628
675,1.0,0.0,False,2015-12-14 04:40:45.197431
676,1.0,0.0,False,2015-12-14 04:42:06.587965
677,1.0,0.0,False,2015-12-14 04:43:13.240541
678,1.0,0.0,False,2015-12-14 04:44:28.598224
679,1.0,0.0,False,2015-12-14 04:45:33.098423
680,1.0,0.0,False,2015-12-14 04:46:42.859541
681,1.0,0.0,False,2015-12-14 04:48:01.715989
682,1.0,0.0,False,2015-12-14 04:49:32.212746
683,1.0,0.0,False,2015-12-14 04:51:05.214211
684,1.0,0.0,False,2015-12-14 04:52:27.536820
685,1.0,0.0,False,2015-12-14 04:53:55.869548
686,1.0,0.0,False,2015-12-14 04:55:23.609877
687,1.0,0.0,False,2015-12-14 04:56:51.259152
688,1.0,0.0,False,2015-12-14 04:58:13.167359
689,1.0,0.0,False,2015-12-14 04:59:40.615693
690,1.0,0.0,False,2015-12-14 05:00:59.878110
691,1.0,0.0,False,2015-12-14 05:02:09.366736
692,1.0,0.0,False,2015-12-14 05:03:20.462240
693,1.0,0.0,False,2015-12-14 05:04:30.748675
694,1.0,0.0,False,2015-12-14 05:05:40.326889
695,1.0,0.0,False,2015-12-14 05:07:06.112238
696,0,0,False,2015-12-14 05:08:31.577816
